<?xml version="1.0" encoding="utf-8"?>
<appwidget-layout>

    <!-- 4*1 single city -->
    <layout name="10141" >
        <item
            id="time_display"
            layout_x="1.421%"
            layout_y="22.7436%"
            height="58.4937%"
            width="41.194%"/>
        <item
            id="widget_timeformat_single_4x1"
            layout_x="42.8977%"
            layout_y="21.6605%"
            height="17.3285%"/>
        <item
            id="city_name_layout"
            layout_x="42.8977%"
            layout_y="25.2707%"
            height="47.321%"/>
        <item
            id="widget_city_date"
            layout_x="42.8977%"
            layout_y="59.5667%"
            height="18.4116%"/>
        <item
            id="include_widget_temperature"
            layout_x="77.060%"
            layout_y="73.646%"
            width="22.90%"/>
        <item
            id="widget_currentweather_smallicon"
            layout_x="85.121%"
            layout_y="32.490%"/>
    </layout>
    <!--4*2 single city -->
    <layout name="10142" >
        <item
            id="time_display"
            layout_x="3.125%"
            layout_y="11.913%"
            height="29.242%"/>
        <item
            id="widget_city_date"
            layout_x="4.8295%"
            layout_y="41.115%"
            height="9.206%"/>
        <item
            id="city_name_layout"
            layout_x="4.8295%"
            layout_y="47.292%"
            height="14.2455%"/>
        <item
            id="widget_currentweather_smallicon"
            layout_x="4.8295%"
            layout_y="63.899%"/>
        <item
            id="widget_noweather_smallicon"
            layout_x="83.2386%"
            layout_y="66.064%"/>
        <item
            id="include_widget_temperature"
            layout_x="4.8295%"
            layout_y="83.394%"/>
        <item
            id="widget3FutureWeather"
            layout_x="39.488%"
            layout_y="66.064%"/>
    </layout>

    <!-- 4*1 double city -->
    <layout name="10241" >
        <item
            id="city_name_layout"
            layout_x="6.250%"
            layout_y="1.083%"
            height="27.076%"/>
        <item
            id="time_display"
            layout_x="6.250%"
            layout_y="28.1588%"
            height="40.073%"/>
        <item
            id="include_widget_temperature"
            layout_x="6.250%"
            layout_y="72.563%"/>
        <item
            id="widget_currentweather_smallicon"
            layout_x="74.431%"
            layout_y="56.317%"/>
        <item
            id="dualcity_spilt_line"
            layout_x="99.8%"
            layout_y="6.498%"
            height="87.7256%"/>
    </layout>

    <!-- 4*2 double city -->
    <layout name="10242" >
        <item
            id="time_display"
            layout_x="10.227%"
            layout_y="11.371%"/>
        <item
            id="widget_city_date"
            layout_x="13.626%"
            layout_y="35.740%"
            height="9.660%"/>
        <item
            id="city_name_layout"
            layout_x="13.626%"
            layout_y="41.6967%"
            height="16.246%"/>
        <item
            id="widget_currentweather_smallicon"
            layout_x="13.626%"
            layout_y="64.981%"/>
        <item
            id="include_widget_temperature"
            layout_x="13.626%"
            layout_y="84.4765%"/>
        <item
            id="dualcity_spilt_line"
            layout_x="99.8%"
            layout_y="11.3718%"
            height="76.895%"/>
    </layout>

</appwidget-layout>